id,subBooks
978-7-5013-6398-8,国学基本典籍丛刊
978-7-5192-4840-6,文物中国史
978-7-208-15183-3,复旦中国哲学书系
978-7-5486-1457-9,上海改革开放40年口述系列丛书
978-7-5594-1270-6,抹香鲸
978-7-108-06408-0,开放的艺术史丛书
978-7-5201-3150-6,哲学与社会发展文丛
978-7-5002-8568-7,中国大百科全书名家文库
978-7-5513-1499-2,改变世界的传奇人物
978-7-308-18796-1,宁波学术文库
978-7-5201-2692-2,河南蓝皮书
978-7-5334-7986-2,图说福建与海上丝绸之路
978-7-101-13520-6,抗日战争档案汇编
978-7-5615-6880-4,2018年全国会计专业技术资格考试100小时搞定初级系列丛书
978-7-108-06273-4,大家说历史
978-7-5109-2366-1,十九大与新时代中国司法的理念、政策与机制
978-7-212-10277-7,安徽历史名人传记
978-7-205-09305-1,领袖画传系列
978-7-5369-7208-7,中国史前遗址博物馆
978-7-5518-1743-1,国学经典10元本
978-7-111-61453-1,汽车行业质量管理实用指南系列
978-7-5126-6634-4,福建散文诗八家
978-7-100-16354-5,汉译世界学术名著丛书
978-7-5429-5959-1,去梯言
978-7-209-11390-8,中华泰山文库
978-7-5085-3726-9,追梦中国 : 商界领袖系列
978-7-108-06168-3,周易文化讲论
978-7-5396-6329-6,皖籍名家吴泰昌集
978-7-02-014299-6,名人传
978-7-208-15484-1,衢州市政协文史资料丛书
978-7-5506-2852-6,泰州文艺评论丛书
978-7-5350-7666-3,在读文库
978-7-5190-3460-3,三读书馆雅藏丛林 : 宣纸珍藏版
978-7-5651-3712-9,中华文化修养丛书
978-7-213-09121-6,浙江蓝皮书
978-7-226-05274-7,读者丛书
978-7-5348-7709-4,中国理学文化丛书
978-7-5690-1779-3,百年峨眉系列
978-7-5214-0326-8,写给老百姓的中医养生书系
978-7-02-014291-0,名人传
978-7-5704-0707-1,名师成长系列
978-7-226-05284-6,读者丛书
978-7-5077-5558-9,中国文化在世界书系
978-7-5002-8553-3,中国大百科全书名家文库
978-7-5486-1442-5,冈特生态童书
978-7-200-13766-8,季羡林经典文丛
978-7-5086-9103-9,中国文化大家系列
978-7-5533-2207-0,抗战十四年・中华儿女传奇
978-7-5569-1299-5,纸阅读文库
978-7-5403-4869-4,韬略平天下
978-7-5325-8809-1,m崎市定亚洲史论考
978-7-101-13390-5,历代纪事本末 : 简体横排本
978-7-5126-6802-7,冬季恋歌
978-7-5095-8533-7,中国财政科学研究院智库丛书
978-7-121-33116-9,华信经管创新系列
978-7-115-48764-3,学术中国
978-7-5110-4302-3,少儿当代科技百科全书
978-7-121-33090-2,前端工程化系列
978-7-5455-3791-8,小牛顿新兴科技系列
978-7-5621-9369-2,“青少年互联网素养”丛书
978-7-111-60025-1,阿里工程师系列
978-7-5214-0064-9,简易疗法治百病丛书
978-7-03-059102-9,国家社科基金后期资助项目
978-7-5625-4268-1,YHID互联网全栈开发
978-7-115-47300-4,图灵程序设计丛书
978-7-101-13163-5,跟名家读经典
978-7-5126-6683-2,思耘文集
978-7-5170-6730-6,高校经典教材同步辅导丛书
978-7-5473-1351-0,爱情书房
978-7-5680-4044-0,少年励志成长文学系列
978-7-5135-9889-7,世界名人小传英汉双语阅读
978-7-214-22499-6,大丰区地方志丛书
978-7-5167-3494-0,人力资源和社会保障政策法规丛书
978-7-5085-3981-2,我们和你们
978-7-5213-0323-0,世界名人小传英汉双语阅读
978-7-5658-3335-9,《中华人民共和国刑事诉讼法》学习读本
978-7-215-11270-4,历代全集丛刊
978-7-5051-4768-3,刻意练习
978-7-5597-0570-9,彩绘中国经典名著
978-7-5035-6285-3,中央党校思想库丛书
978-7-300-26050-1,华为营销方法丛书
978-7-300-26033-4,西方心理学大师经典译丛
978-7-5213-0322-3,世界名人小传英汉双语阅读
978-7-121-33583-9,创新与研发管理系列丛书
978-7-5658-3562-9,英语专业“十三五”规划应用型专业建设系列丛书
978-7-5702-0415-1,国学经典丛书
978-7-214-20727-2,“同一颗星球”丛书
978-7-5674-1551-5,东北林业大学研究生优秀教材系列丛书
978-7-01-018876-8,马克思诞辰200周年纪念特辑
978-7-01-019508-7,中国哲学青年学术文库
978-7-5658-3523-0,养殖管理法律法规学习读本
978-7-5476-1406-8,中国金融变迁研究系列
978-7-5596-2646-2,纸片人斯坦利环球历险记
978-7-5432-2937-2,中国改革开放40年研究丛书
978-7-5203-2110-5,中国社会科学院学部委员专题文集
978-7-5203-3836-3,马克思主义专题研究论丛
978-7-5642-3148-4,世界公益与慈善经典译丛
978-7-5506-2717-8,名家视角丛书
978-7-5488-3093-1,“讲好中国故事”系列丛书
978-7-5015-9788-8,中华优秀传统文化读本
978-7-5095-8115-5,中财传媒版2018年注册会计师全国统一考试辅导系列丛书
978-7-02-013994-1,教育部统编《语文》推荐阅读丛书
978-7-101-13423-0,大兴善寺文献丛书
978-7-5192-5304-2,多省市公务员联考轻松学系列
978-7-5126-5795-3,岁月集
978-7-5507-2233-0,世界文学经典读本
978-7-214-22295-4,社科文库
978-7-5103-2642-4,“一带一路”国别商务丛书
978-7-5462-2837-2,明代心学宗师陈献章丛书
978-7-5628-5515-6,玛丽・埃伦・里士满社会工作全集
978-7-203-10631-9,火金投资理财丛书
978-7-5141-9443-2,创业儿童
978-7-5692-2761-1,读经典
978-7-5623-5841-1,经典诵读丛书
978-7-5690-2034-2,青少年心理深呼吸丛书
978-7-224-12701-0,走进延安革命纪念地系列丛书
978-7-5212-0176-5,文学宁夏丛书
978-7-115-47391-2,新商科人才培养系列工具书
978-7-100-15632-5,学生国学丛书新编
978-7-115-49738-3,新零售门店运营与创新实践丛书
978-7-5596-2642-4,纸片人斯坦利环球历险记
978-7-108-06220-8,茅海建戊戌变法研究
978-7-227-06907-2,宁夏人文地理新探丛书
978-7-5490-1554-2,西夏学文库
978-7-227-06900-3,当代应用人类学丛书
978-7-5001-5599-7,杨红樱中英双语国际馆
978-7-5615-7126-2,中国―东盟法律研究中心文库
978-7-5095-8587-0,中青年经济与管理学者文库
978-7-203-10390-5,清末立宪运动史料丛刊
978-7-5334-8149-0,南帆文集
978-7-300-26269-7,外国语言文学学术论丛
978-7-115-49934-9,莫萨营销沟通情景对话系列
978-7-5457-1782-2,介休近代艺文丛稿
978-7-5581-4750-0,麦格希中英双语阅读文库
978-7-101-13135-2,中华经典指掌文库
978-7-5125-0976-4,百名专家审定正读经典藏书
978-7-5201-3764-5,法学所60年学术精品选萃
978-7-308-18457-1,用声音叙事
978-7-214-22717-1,党政机关工作实务丛书
978-7-5660-1621-8,苏曼堪钦白玛襄嘉文集
978-7-5421-4357-0,菩提叶丛书
978-7-5581-4740-1,麦格希中英双语阅读文库
978-7-5596-2636-3,纸片人斯坦利环球历险记
978-7-205-09269-6,传世名著典藏丛书
978-7-5484-4382-7,影响孩子一生的名人故事
978-7-214-22292-3,社科文库
978-7-5508-2449-2,中华经典国学读本丛书
978-7-5102-2044-9,刑罚理性四部曲
978-7-5201-3011-0,招商局文库
978-7-5180-5005-5,改变世界的名人双语读物
978-7-5685-1447-7,不用教，孩子就会读
978-7-220-10937-9,巴蜀史研究丛书
978-7-5486-1395-4,先秦诸子丛书
978-7-5482-3254-4,青少年世界文明教育文库
978-7-300-16843-2,国家清史编纂委员会・文献丛刊
978-7-5461-7640-6,环巢湖文化研究丛书
978-7-5312-4255-0,影响孩子一生的国学启蒙经典
978-7-121-33719-2,华为精准管理丛书
978-7-5648-3229-2,国学经典
978-7-5628-5630-6,梦工场经典电影双语阅读
978-7-5203-3086-2,国家智库报告
978-7-206-15049-4,浪淘沙丛书
978-7-5621-9404-0,《西南大学学报》建设丛书
978-7-5201-3821-5,汽车与保险蓝皮书
978-7-5590-2833-4,小博士新课标大阅读
978-7-5203-0938-7,中国制度研究丛书
978-7-5332-9681-0,马小跳发现之旅
978-7-5536-7344-8,Mint Readers
978-7-03-058014-6,旅游文化与管理系列丛书
978-7-301-29843-5,光华思想力书系
978-7-5203-3149-4,湖北农业农村改革开放40年（1978-2018）丛书
978-7-5325-8773-5,广西地方古籍整理研究丛书
978-7-5667-1613-2,当代湖湘伦理学文库
978-7-5203-3070-1,吉林大学哲学基础理论研究中心研究员自选集
978-7-5658-3525-4,兽医兽药法律法规学习读本
978-7-5414-9294-5,彩插版成长・励志 : 名人传记故事
978-7-5002-8673-8,全国推动读书十大人物韩兴娥课内海量阅读丛书
978-7-5578-4975-7,传统中国
978-7-5581-4776-0,麦格希中英双语阅读文库
978-7-5113-7606-0,内在心灵修炼课
978-7-5143-6997-7,佛光山金玉满堂系列
978-7-5183-2392-0,看得见的世界史
978-7-5001-5454-9,双语名著无障碍阅读丛书
978-7-5340-6646-7,中国文化史迹
978-7-5658-3523-0,养殖管理法律法规学习读本
978-7-5554-0970-0,文华丛书
978-7-5484-3763-5,快乐成语1+1
978-7-5095-8138-4,健康保险系列丛书
978-7-5205-0184-2,文史存典系列丛书
978-7-5704-0810-8,文礼幼儿大字经典诵读系列
978-7-5581-4791-3,麦格希中英双语阅读文库
978-7-303-24066-1,“一带一路”古文明书系
978-7-5457-1663-4,法显文化丛书
978-7-5402-5163-5,中华优秀传统文化注音读本
978-7-5396-6471-2,新力量文丛
978-7-5480-6011-6,时光新文库
978-7-5450-5912-0,我爱阅读
978-7-122-31010-1,图说餐饮管理系列
978-7-100-15893-0,经济学名著译丛
978-7-100-16098-8,朱子学文库
978-7-5201-2929-9,东方历史学术文库
978-7-5581-4797-5,麦格希中英双语阅读文库
978-7-5133-3448-8,大国治贫
978-7-121-33489-4,创新工场
978-7-5135-9883-5,世界名人小传英汉双语阅读
978-7-5201-2776-9,澳门绿皮书
978-7-309-14037-8,马克思主义经典著作当代解读
978-7-200-13311-0,新家庭书架 : 升级版
978-7-5472-5373-1,书香口袋丛书
978-7-5203-2376-5,中国南方侵华日军细菌战研究丛书
978-7-101-13134-5,中华经典指掌文库
978-7-5154-0908-5,《孔子文化与人类发展》丛书
978-7-5197-2163-3,公司律师业务进阶系列
978-7-5126-6831-7,凛冬集
978-7-5593-2766-6,吕世伦法学论丛
978-7-5429-5908-9,去梯言
978-7-5507-2237-8,世界文学经典读本
978-7-5584-0736-9,唱啊唱啊唱歌谣
978-7-309-14029-3,马克思主义与当代中国问题
978-7-5180-5060-4,经典英文枕边书
978-7-5093-9822-7,实务精要与疑难解析系列
978-7-5497-1894-8,中国蒙古学文库
978-7-5212-0309-7,21世纪文学之星丛书
978-7-5599-0837-7,云南古代汉文学要籍
978-7-5472-5356-4,书香口袋丛书
978-7-5441-9725-0,沈阳历史文化典籍丛书
978-7-5488-3094-8,“讲好中国故事”系列丛书
978-7-100-16479-5,中国古典文学英译丛书
978-7-108-06223-9,茅海建戊戌变法研究
978-7-5594-2968-1,知行合一王阳明大全集
978-7-5396-5699-1,国别文化史系列
978-7-02-013851-7,中国古典文学读本丛书典藏
978-7-5334-8172-8,南帆文集
978-7-300-16843-2,国家清史编纂委员会・文献丛刊
978-7-5439-7760-0,传统文化修养丛书
978-7-5085-3942-3,彩色绘本葛翠琳童话选
978-7-5615-7206-1,宋明理学研究丛书
978-7-5049-9446-2,金融犯罪辩护丛书
978-7-5457-1736-5,山西民间历史故事与剪纸
978-7-5678-0638-2,税务公务员岗位学习每日一题丛书
978-7-5130-5643-4,工商管理学术文库
978-7-5167-2772-0,弗布克HR全解手册系列
978-7-5658-2941-3,科学技术法律法规学习读本
978-7-5658-3444-8,经营管理法律法规学习读本
978-7-5093-9002-3,注释法典
978-7-5093-9057-3,实用版法规专辑
978-7-5197-2118-3,破产法文库
978-7-5093-9023-8,法律法规全书系列
978-7-5498-3416-7,幸福都市
978-7-5705-0119-9,大家学术文库
978-7-5095-8131-5,中财传媒版2018年注册会计师全国统一考试辅导系列丛书
978-7-5141-9140-0,浙江工业大学经贸管理学院区域合作与大宗商品贸易研究所学术丛书
978-7-5395-6597-2,蜗牛典藏屋
978-7-5575-4341-9,经典天天读系列
978-7-100-16039-1,中国近代警察法文丛
978-7-5658-3336-6,治安管理法律法规学习读本
978-7-5658-3330-4,生育保健类法律法规学习读本
978-7-5304-9599-5,轻松过关
978-7-5471-2554-0,军民两用交通地图系列
978-7-5093-9038-2,法律法规全书系列
978-7-5109-2249-7,中国审判指导丛书
978-7-5658-3516-2,保护草原法律法规学习读本
978-7-5130-5667-0,中国人民大学食品安全治理协同创新博士文库
978-7-5201-2499-7,四川蓝皮书
978-7-5504-3390-8,晏智杰文集
978-7-5597-0640-9,每天一个好故事
978-7-5201-3188-9,思海社会学文丛
978-7-208-15082-9,长江经济带重大战略研究丛书
978-7-5307-6749-8,奇妙逻辑推理
978-7-5580-3536-4,中国石窟艺术经典高清大图系列
978-7-5443-8539-8,潮起海之南――海南建省办经济特区30年改革开放举措丛书
978-7-303-24442-3,当代中国发展报告
978-7-5093-9005-4,注释法典
978-7-5641-7869-7,澳门城市与建筑设计教学丛书
978-7-5572-0388-7,语文新课标必读名著
978-7-5126-6519-4,黑鸟集
978-7-5580-3521-0,十二生肖守护佛敦煌壁画高清大图
978-7-5086-9237-1,中国历史通识讲堂
978-7-5093-9057-3,实用版法规专辑
978-7-5560-8393-0,小蜜蜂童书馆
978-7-5658-3330-4,生育保健类法律法规学习读本
978-7-5658-3315-1,爱国国防类法律法规学习读本
978-7-112-21700-7,中国城市空间营造个案研究系列
978-7-5580-3542-5,中国石窟艺术经典高清大图系列
978-7-5678-0641-2,税务公务员岗位学习每日一题丛书
978-7-5201-3753-9,西安交通大学人口与发展研究所・学术文库
978-7-112-22007-6,中国城市营建史研究书系
978-7-5480-5832-8,漫画成语《图画捉迷藏2》
978-7-5109-2248-0,中国审判指导丛书
978-7-5658-2945-1,传染病预防法律法规学习读本
978-7-5704-0277-9,统编版语文教材配套阅读丛书
978-7-5560-7746-5,写给孩子的经典名著 : 有声版
978-7-5197-1558-8,新编法律小全书系列
978-7-5455-3520-4,新课标经典文学名著金库 : 名师精评版
978-7-5093-8990-4,注释法典
978-7-5678-0637-5,税务公务员岗位学习每日一题丛书
978-7-5658-3669-5,国土资源法律法规学习读本
978-7-5086-9152-7,张曼娟成语学堂
978-7-220-10870-9,北大美学研究丛书
978-7-5658-3675-6,扶贫脱贫法律法规学习读本
978-7-5093-9757-2,物业管理实务操作经典丛书
978-7-5658-3517-9,保护水源大气法律法规学习读本
978-7-115-50043-4,莫萨营销沟通情景对话系列
978-7-5658-2516-3,行政处罚法律法规学习读本
978-7-5203-2993-4,国家智库报告
978-7-5658-2943-7,垃圾管理处理法律法规学习读本
978-7-301-26431-7,北京大学人文学科文库
978-7-5604-4267-9,海外中国研究书系
978-7-101-13157-4,迦陵说诗
978-7-5197-2242-5,竞争政策与法律文库
978-7-5126-6227-8,清泉
978-7-5197-2390-3,法律单行本实用问题版丛书
978-7-5428-6733-9,哲人石丛书
978-7-5395-6627-6,名人少年时丛书
978-7-5395-6625-2,名人少年时丛书
978-7-5570-1223-6,课外必读的名人故事
978-7-5197-2970-7,法律法规全书系列
978-7-5596-1897-9,学会自己做系列绘本 : 中英双语版
978-7-5126-6520-0,绽放
978-7-5201-3572-6,改革开放研究丛书
978-7-5148-4734-5,幽默・格言・故事丛书
978-7-5087-5986-9,当代著名作家美文自选集
978-7-5126-6346-6,三山文集
978-7-219-10680-8,壮族典籍译丛
978-7-5435-8513-3,虫果果绘本系列
978-7-113-24161-2,大话旅游
978-7-5583-1059-1,曹文轩名作名篇走近课堂套装
978-7-5580-3704-7,喜羊羊与灰太狼发明大作战
978-7-5595-1470-7,幼儿学前绘本故事
978-7-5562-4118-7,杨鹏大奖小说
978-7-5201-2357-0,街道蓝皮书
978-7-5201-2432-4,金融蓝皮书
978-7-5126-5966-7,红枫叶
978-7-5126-6349-7,日暖文灿
978-7-5484-4173-1,迪士尼百年经典故事
978-7-5137-1259-0,小小豆豆系列
978-7-202-13049-0,尿布猪小弟行为认知训练
978-7-5493-7868-5,中华传统故事绘本
978-7-5552-6316-6,小学新课标同步课外阅读
978-7-5704-0484-1,统编语文教材指定阅读丛书
978-7-5468-1550-3,陇原当代文学典藏
978-7-5126-6391-6,槎城集
978-7-100-16260-9,中国百年社会学系列
978-7-5093-8983-6,注释法典
978-7-5063-9935-7,中国多民族文学丛书
978-7-5139-2088-9,荣耀
978-7-122-33034-5,励志校园成长小说
978-7-5704-0088-1,自我保护意识培养
978-7-5126-6207-0,柳泉
978-7-5498-3493-8,意林・轻文库
978-7-5126-6219-3,笔润春秋
978-7-5707-0186-5,小青鸟中国名家童话阅读宝库
978-7-5455-3768-0,爱阅读
978-7-306-06535-3,中国语言文学文库
978-7-5447-7548-9,壹力文库
978-7-5417-6642-8,感触生命主题绘本
978-7-5187-0644-0,中国历代语文教育经典丛书
978-7-5705-0236-3,名校有影响力的课程系列
978-7-5148-4413-9,中国儿童报・快乐故事好习惯丛书
978-7-5470-5095-8,情绪管理故事
978-7-5016-1384-7,语文新读本
978-7-5085-3850-1,七田真・心灵养育绘本
978-7-5619-5225-2,学汉语分级读物
978-7-5086-8955-5,诗画共读
978-7-5313-5318-8,小布老虎丛书
978-7-5315-7686-0,万有童书
978-7-5148-5074-1,曹文轩作品萌萌鸟系列
978-7-5455-4047-5,儿童文学传世大系
978-7-301-29844-2,早期北京话珍本典籍校释与研究
978-7-5126-6490-6,云浮集
978-7-5205-0298-6,话说中华五千年
978-7-5354-8317-1,二月河文集
978-7-5321-6874-3,新海派诗萃
978-7-5137-1252-1,拼音王国　名家经典书系
978-7-5597-1083-3,经典永流传
978-7-5695-0445-3,岚皋历史文化丛书
978-7-5126-6665-8,闲点笔墨
978-7-214-22303-6,社科文库
978-7-227-06951-5,阵地文丛
978-7-5051-4725-6,《飞机奥利弗的故事》系列丛书
978-7-200-13536-7,全民健康十万个为什么 : 家庭版
978-7-5126-6655-9,北韵书香
978-7-5387-5674-6,“我的清楚我的梦”全国中学生校园美文精品集萃丛书
978-7-5020-7020-5,醉美文摘
978-7-5321-6681-7,新海派诗萃
978-7-5548-2246-3,曹文轩小说集 : 典藏版
978-7-5458-1611-2,中国现当代文学研究前沿问题读本丛书
978-7-5126-6708-2,霁波朝旭
978-7-5688-4206-8,校园励志小说
978-7-5568-3158-6,章鱼国小时代
978-7-5637-3711-6,全本轻松无障碍 : 畅读版
978-7-5450-5866-6,成长不再烦恼 : 注音彩绘版
978-7-5409-8063-4,清荷集
978-7-5126-6761-7,季节绽放
978-7-122-33139-7,智慧公主马小岚纯美爱藏本
978-7-5361-6311-9,文化自信与中国现当代文学丛书
978-7-5699-2479-4,中华经典轻松读
978-7-5020-7023-6,醉美文摘
978-7-5126-6739-6,博文雅致
978-7-5014-5899-8,2017年度公安文学精选
978-7-5409-8061-0,圣立作家文丛）
978-7-111-60117-3,面向可持续发展的土建类工程教育丛书
978-7-5210-0204-1,海洋宝贝系列故事
978-7-5104-6689-2,幼学启蒙丛书
978-7-202-13575-4,面包熊物理绘本
978-7-5312-4248-2,影响孩子一生的国学启蒙经典
978-7-5312-4436-3,蒙古谜语
978-7-5562-4177-4,大师人文课堂
978-7-5148-4755-0,中国儿童报・快乐故事好习惯丛书
978-7-302-49566-6,21世纪卓越人力资源管理与服务丛书
978-7-5427-7123-0,中国经典神话故事
978-7-5496-2627-4,古龙文集
978-7-5407-8488-1,旅伴文库 : 散文精品城际阅读
978-7-5482-3348-0,一缕阳光
978-7-5704-0270-0,统编版语文教材配套阅读丛书
978-7-5304-9356-4,竹兜育儿亲子绘本
978-7-5126-6717-4,信风集
978-7-5675-7221-8,人文社科
978-7-208-15519-0,上海海关学院学术文库
978-7-5126-6339-8,雅韵诗心
978-7-5319-5781-2,洛桑和卓玛
978-7-5536-7935-8,动物小说大王沈石溪・精读系列 : 全新升级珍藏版
978-7-5489-3247-5,中图文库 : 典雅精装版
978-7-5200-0262-2,熊孩子励志成长
978-7-301-29559-5,新丝路・语言
978-7-5020-7051-9,世界经典文学名著宝库
978-7-5387-5945-7,“七色阳光小少年”全国小学生校园美文精品集萃丛书
978-7-5210-0257-7,海洋乐园情商系列
978-7-5477-2947-2,猎兽大师
978-7-5590-3514-1,“故事中国”图画书系列
978-7-5653-3179-4,安全与反恐丛书
978-7-5201-3218-3,农村基层党建研究丛书
978-7-5585-2570-4,意林・小文学
978-7-108-06294-9,钱穆作品精选
978-7-5126-6585-9,紫云文萃
978-7-5143-6696-9,倾世大医系列
978-7-5126-6385-5,金点诗文
978-7-5321-6887-3,潮声书系
978-7-5126-6099-1,续脉诗写
978-7-5126-6432-6,饮风醉柳
978-7-5201-2147-7,传统农区工业化与社会转型丛书
978-7-5488-3181-5,方方蛋原创儿童文学馆
978-7-5583-1196-3,童心树华文原创
978-7-5126-6556-9,诗光书存
978-7-5210-0277-5,中国海洋空间丛书
978-7-02-014393-1,教育部统编《语文》推荐阅读丛书
978-7-5049-9575-9,金融保险丛书
978-7-5137-1326-9,爱探险的朵拉情景英语阶梯阅读
978-7-5562-3981-8,逗逗镇的成语故事 : 注音版
978-7-5201-2320-4,北京大学城乡规划与治理研究丛书
978-7-5145-1266-3,中国最美诗词曲・飞花令
978-7-5472-5366-3,书香口袋丛书
978-7-5327-7717-4,睿文馆
978-7-5594-1416-8,2017作家文集
978-7-5126-6058-8,一揽芳华
978-7-5137-1325-2,爱探险的朵拉情景英语阶梯阅读
978-7-5126-5951-3,爱和平绘本系列
978-7-201-13747-6,当代儿童作家童话精选
978-7-5704-0630-2,中华优秀传统文化
978-7-5034-9966-1,民国通俗小说典藏文库
978-7-5585-2323-6,成长关键期全阅读
978-7-122-32027-8,帮帮龙出动恐龙探险队
978-7-5313-5527-4,文化名人书系
978-7-5387-5677-7,“我的青春我的梦”全国中学生校园美文精品集萃丛书
978-7-5213-0257-8,步客口袋书
978-7-202-13574-7,不一样的猪小弟
978-7-5552-7262-5,启蒙学国学
978-7-5702-0698-8,小方熊猫・我的第一套自然拼读启蒙书
978-7-5581-5473-7,儿童心理健康成长故事
978-7-5594-2451-8,文学苏军长篇小说丛书
978-7-5201-3591-7,中小城市绿皮书
978-7-5016-1404-2,刘先平大自然文学精品集
978-7-5552-7673-9,青岛及中国近代工商业发展档案史料汇编
978-7-5365-8607-9,熊猫兔心灵力量系列绘本
978-7-5395-6545-3,彩虹桥名家注音童话
978-7-5034-9377-5,跨度长篇小说文库
978-7-5596-1523-7,晚安宝贝・名家睡前故事
978-7-5201-2037-1,法治中国研究
978-7-307-20010-4,中国统一战线理论研究会党外知识分子统战工作理论研究基地学术丛书
978-7-111-60552-2,阅读启蒙 : 乔伊・考利英语绘本精选
978-7-111-60546-1,华章经典
978-7-5332-9747-3,明天原创图画书
978-7-5652-2625-0,中华优秀传统美德养成教育系列绘本
978-7-5126-6219-3,笔润春秋
978-7-81142-694-6,世界经典寓言绘本丛书
978-7-5321-6874-3,新海派诗萃
978-7-5325-9045-2,楚辞要籍丛刊
978-7-5597-0720-8,超级飞侠3美绘图画故事书
978-7-03-056603-4,智能科学技术著作丛书
978-7-5407-8469-0,百部国学传世经典
978-7-5581-3529-3,儿童情商故事美绘本
978-7-5498-3761-8,决战虫人
978-7-5580-3967-6,全民微阅读系列
978-7-5409-8063-4,清荷集
978-7-5589-0263-5,奇古拉国王的奇妙故事
978-7-5001-5731-1,百年中国儿童文学精品外译书系
978-7-5313-5468-0,百年百部中篇正典
978-7-5093-9286-7,婉约词经典全集
978-7-5192-5216-8,青春美文系列
978-7-111-59963-0,零基础实战入门
978-7-5207-0592-9,服务的细节
978-7-5020-7173-8,八大处历史文化丛书
978-7-204-15499-9,新课标课外阅读经典文学名著
978-7-5409-8050-4,蓝・诗文丛
978-7-5702-0490-8,余秋雨传世散文 : 全彩珍藏版
978-7-5459-1532-7,扬帆台海通丝路
978-7-5480-5860-1,冰心奖获奖作家精品文库
978-7-5315-7663-1,恐龙故事大王袁博注音系列
978-7-5213-0479-4,RoyalABC语言学习故事书
978-7-5649-3593-1,国际美学前沿译丛
978-7-5126-6502-6,2018冰凌花文丛
978-7-5387-5770-5,“我的青春我的梦”全国中学生校园美文精品集萃丛书
978-7-5126-6057-1,沧州原创戏剧四十年
978-7-5680-4036-5,现当代名家作品典藏
978-7-5524-7482-4,好孩子是夸出来的
978-7-5126-6666-5,花香
978-7-5410-8159-0,风雅颂文丛
978-7-5643-6461-8,中国高铁出版工程
978-7-5596-1522-0,中华国学经典精粹
978-7-5318-9897-9,语文新课标阅读名家选
978-7-5524-7478-7,好孩子是夸出来的
978-7-5585-1855-3,暖心小熊双语好习惯绘本
978-7-5126-6485-2,初心集
978-7-5126-6846-1,书香墨韵
978-7-81142-681-6,世界经典寓言绘本丛书
978-7-5097-7576-9,甘肃蓝皮书
978-7-5536-7936-5,动物小说大王沈石溪・精读系列 : 全新升级珍藏版
978-7-5680-3984-0,中国经济转型与创新驱动发展研究丛书
978-7-5680-3471-5,智能制造与机器人理论及技术研究丛书
978-7-5325-8855-8,中国古代文史经典读本
978-7-5378-5440-5,吕新作品系列
978-7-5321-6479-0,上海老作家文丛
978-7-307-18759-7,中国文化故事丛书
978-7-5126-6150-9,文华雅韵
978-7-5034-9999-9,民国通俗小说典藏文库
978-7-5110-3112-9,中国传统修身故事绘本
978-7-5590-2886-0,中华英杰故事丛书
978-7-5594-2630-7,亲近经典・引读者
978-7-5595-0928-4,中外名著彩绘版系列
978-7-5126-6450-0,赏夏集
978-7-5315-7756-0,小狗皮皮宝宝故事会
978-7-5702-0402-1,青少年整本书阅读书系 : 名师讲读版
978-7-305-20893-5,部编版必读经典书系
978-7-5378-5497-9,吕新作品系列
978-7-309-13957-0,复旦卓越
978-7-5443-8340-0,勤径千里马
978-7-5477-3168-0,翌平新阳刚少年小说
978-7-5533-2169-1,台胞在宁创业故事丛书
978-7-5680-3932-1,不可不知的历史
978-7-5199-0325-1,无障碍阅读国学经典
978-7-5409-7819-8,圣立作家文丛
978-7-5302-1860-0,张爱玲全集
978-7-5325-9061-2,中国古代名著全本译注丛书
978-7-5020-5451-9,伴随孩子成长经典阅读
978-7-115-48031-6,冰雪奇缘
978-7-5420-3264-5,梦舟
978-7-5396-6461-3,张恨水作品典藏・小说十种
978-7-5109-2275-6,司法工作丛书
978-7-5688-4493-2,民族之魂
978-7-205-09274-0,传世名著典藏丛书
978-7-03-059888-2,当代中国公共管理研究精粹丛书
978-7-5477-3092-8,寓教于乐系列
978-7-5682-5569-1,中国老故事系列
978-7-5126-6243-8,春语集
978-7-03-058157-0,大连理工大学管理论丛
978-7-5409-7840-2,凤凰文丛
978-7-5126-6461-6,文心琴韵
978-7-5705-0329-2,名校有影响力的课程系列
978-7-5707-0190-2,小青鸟中国名家童话阅读宝库
978-7-5451-4728-5,亲子共读温馨童话读本系列
978-7-5575-3843-9,有爱的我们
978-7-5209-0030-0,主要国家（地区）市场监管机构和制度研究丛书
978-7-5110-3009-2,中国传统修身故事绘本
978-7-5162-1757-3,中国古代大案探奇录
978-7-01-019483-7,京剧谭门
978-7-5445-5072-7,季羡林文集
978-7-5599-0871-1,新时代中国研究
978-7-202-13049-0,尿布猪小弟行为认知训练
978-7-310-05574-6,金融服务实体经济丛书
978-7-5507-2396-2,本色文丛
978-7-111-60233-0,华章经典
978-7-5178-2860-0,方法工具与日语教学研究丛书
978-7-5409-8062-7,锦绣文韵
978-7-5087-5988-3,当代著名作家美文自选集
978-7-5126-6263-6,精彩福海
978-7-5409-8061-0,圣立作家文丛
978-7-5414-9706-3,七彩云南儿童文学原创精品书系双语读本
978-7-5016-1395-3,曹文轩文集 : 珍藏版
978-7-5153-4659-5,小鹿杏仁儿
978-7-5321-6489-9,上海老作家文丛
978-7-5562-3677-0,四叶草丛书
978-7-5455-4276-9,小巴掌童话
978-7-5126-6032-8,学思文韵
978-7-5314-8068-6,“识”趣系列
978-7-5167-3581-7,职业技能提高实战演练丛书
978-7-214-22549-8,中国古典文学传世名著丛书 : 绣像精注典藏版
978-7-115-49558-7,小马宝莉
978-7-5447-7275-4,鲁迅自编文集
978-7-206-14816-3,吕思勉文集
978-7-5020-7010-6,唯美阅读
978-7-5597-0562-4,笨狼的故事 : 注音版
978-7-5200-0315-5,儿童情绪管理图画书
978-7-214-22557-3,人文赣榆丛书
978-7-5190-3379-8,翰墨童书坊
978-7-5455-4229-5,汪汪队立大功中英双语有声故事书
978-7-5203-2467-0,社会主义文化基因丛书
978-7-5054-4281-8,清末民初文献丛刊
978-7-5346-7402-0,巴啦啦小魔仙梦幻旋律
978-7-5596-1886-3,绘本中华故事
978-7-5409-7819-8,圣立作家文丛
978-7-5585-2242-0,意林・轻文库
978-7-5448-5257-9,萌鸡小队图画故事书
978-7-5213-0384-1,丽声北极星分级绘本
978-7-5393-3869-9,欢乐岛幼儿音乐游戏绘本
978-7-5584-0827-4,熊小米成长记
978-7-5593-4087-0,中华文脉
978-7-5593-2088-9,世界著名童话系列绘本
978-7-5559-0571-4,百年中篇小说名家经典
978-7-300-25511-8,当代中国人文大系
978-7-5435-8471-6,我们的广西
978-7-5387-5669-2,“我的青春我的梦”全国中学生校园美文精品集萃丛书
978-7-121-30977-9,王道考研系列
978-7-02-013583-7,恋上古诗词 : 版画插图版
978-7-5126-6699-3,乡之韵
978-7-5492-6116-1,小脚鸭经典故事绘本馆
978-7-5326-5186-3,民国文人系列
978-7-100-16186-2,世说中国书系
978-7-5139-2144-2,经典随身读
978-7-5492-5808-6,长江三峡文化丛书
978-7-5205-0398-3,星星诗文库
978-7-5205-0922-0,亲历者说・中国故事
978-7-5597-0827-4,胡小闹日记 : 升级经典版
978-7-5213-0067-3,七色龙汉语分级阅读
978-7-5171-2830-4,雄风文丛
978-7-5482-3322-0,云南大学“理解中国”系列丛书
978-7-5562-3567-4,阳光姐姐小说树
978-7-5580-4596-7,超级飞侠4
978-7-5204-0377-1,大美红山
978-7-5657-2264-6,中国传媒大学青年学者文丛
978-7-5568-3778-6,梅子涵图画小说
978-7-5126-6359-6,春花集
978-7-5597-0790-1,淘气包马小跳系列 : 典藏升级版
978-7-5593-1480-2,中华少年好读物
978-7-5673-0518-2,国防科技大学院士传记丛书
978-7-5126-6674-0,辽西文集
978-7-5704-0462-9,写给儿童的中华传统文化故事
978-7-5444-8286-8,看图说话绘本馆
978-7-100-16232-6,林谷芳作品
978-7-202-13844-1,河北金石文化丛书之太行山系列
978-7-5126-6401-2,知夏集
978-7-5593-2431-3,影响孩子一生的经典读物
978-7-100-16396-5,中华当代学术著作辑要
978-7-5126-6350-3,秉烛书存
978-7-5564-2075-9,大侦探福尔摩斯
978-7-5414-9765-0,365夜睡前故事
978-7-106-04918-8,粤风文丛
978-7-5319-5766-9,《我们的家园・寻找失落的海洋》原创海洋科普文学大系
978-7-5682-6324-5,恋练有分
978-7-5203-3789-2,四川大学文学与新闻学院研究生导师丛书
978-7-5126-6678-8,情曼巴渝
978-7-5409-7819-8,圣立作家文丛
978-7-5016-1397-7,笨狼的故事
978-7-5183-2596-2,温情疗愈儿童小说系列
978-7-5505-1268-9,中国新神话
978-7-5126-5965-0,雨润书香
978-7-5470-4964-8,情绪管理故事
978-7-100-16356-9,汉译世界学术名著丛书
978-7-5201-3636-5,残疾人事业蓝皮书
978-7-5168-1742-1,做最棒的自己！
978-7-5137-1260-6,小小豆豆系列
978-7-5313-5456-7,百年百部中篇正典
978-7-5201-3350-0,社会政策丛书
978-7-5110-4491-4,中国传统修身故事绘本
978-7-5596-1886-3,绘本中华故事
978-7-5397-9982-7,徐玲纯爱小说系列 : 美绘版
978-7-5126-6585-9,紫云文萃
978-7-5680-4502-5,中国旅游智库学术研究文库
978-7-5498-3852-3,意林・时间猎人
978-7-5347-9930-3,东亚唐诗学文献丛刊
978-7-309-13804-7,复旦博学
978-7-5552-5540-6,十三经精解
978-7-5449-6836-2,21世纪中国朝鲜族儿童文学优秀作品选集
978-7-5126-6616-0,里下河泽文追梦
978-7-5126-6284-1,三峡风韵
978-7-5202-0294-7,北京师范大学新兴市场研究院文库
978-7-5183-2963-2,发现之旅
978-7-5439-7753-2,传统文化修养丛书
978-7-5572-0400-6,语文新课标必读名著
978-7-5584-0531-0,小河丁丁少年西峒系列
978-7-5110-4489-1,中国传统修身故事绘本
978-7-5585-1966-6,成长关键期全阅读
978-7-119-11427-9,读懂中国
978-7-5310-9391-6,果果镇系列丛书
978-7-5365-8704-5,熊熊乐园2拼读故事书
978-7-5183-0705-0,中国科技史图画书
978-7-5153-5274-9,第34届青春诗会诗丛
978-7-5492-5933-5,小脚鸭情商管理小绘本
978-7-122-32902-8,国家电子商务发展丛书
978-7-119-11474-3,读懂中国
978-7-5671-3067-8,无障碍阅读
978-7-5589-0391-5,神兽少年团
978-7-5562-3981-8,逗逗镇的成语故事 : 注音版
978-7-5581-4611-4,语文新课标必读丛书
978-7-5446-5470-8,“一带一路”社会文化多语图解系列词典
978-7-5014-5830-1,刑警故事丛书
978-7-5350-7413-3,肖定丽经典童话系列
978-7-5671-3068-5,无障碍阅读
978-7-5126-6314-5,泸溪集
978-7-5304-9356-4,竹兜育儿亲子绘本
978-7-5536-7900-6,小猪唛嘎绘本馆
978-7-5334-8202-2,画话中国传统文化绘本
978-7-5410-7863-7,国学经典文库
978-7-5213-0232-5,世界语言学与应用语言学研究丛书
978-7-5388-9338-0,东北民俗文化系列
978-7-5306-7272-3,现代文学名著原版珍藏
978-7-5596-2104-7,陶小淘日记
978-7-5054-4252-8,清末民初文献丛刊
978-7-5212-0160-4,不可思议遇见你
978-7-02-014430-3,王安忆长篇小说
978-7-5702-0062-7,2017年选系列丛书
978-7-5393-3814-9,欢乐岛幼儿音乐游戏绘本
978-7-5585-2201-7,给青春的小情书
978-7-5315-7807-9,超级智慧大比拼
978-7-5585-2398-4,意林・轻文库
978-7-208-15077-5,国外俄苏研究丛书
978-7-5203-2996-5,国家智库报告
978-7-5540-1275-8,蠹鱼文丛
978-7-5126-6324-4,春晖
978-7-5645-5318-0,书香寇家
978-7-5085-3968-3,当代中国系列
978-7-5560-7756-4,徐玲美味校园
978-7-5414-9883-1,猪猪侠之竞球小英雄・儿童品格培养识字故事书
978-7-5589-0443-1,十二生肖上学记
978-7-101-13071-3,中国古典文学基本丛书
978-7-5570-1235-9,新课标课外指定阅读丛书
978-7-5597-0756-7,张秋生恐龙历险童话
978-7-5317-4328-6,城市映像
978-7-5699-2468-8,写给孩子的动物文学馆
978-7-5699-2481-7,中华经典轻松读
978-7-5608-8341-0,“一带一路”与中华文化国际传播丛书
978-7-5085-3851-8,七田真・心灵养育绘本
978-7-5093-7765-9,法律一本通
978-7-5126-6557-6,益清远行
978-7-5598-1320-6,独秀女作家文丛
978-7-5126-6709-9,红叶文集
978-7-5667-1552-4,开卷随笔文丛
978-7-5301-4923-2,蒲公英中国儿童文学名家精品丛书
978-7-5347-9836-8,谭旭东儿童诗绘本
978-7-5597-0686-7,奇想三国
978-7-5032-5973-9,中国区域科学协会区域旅游开发专业委员会系列丛书
978-7-01-019051-8,大师话人生
978-7-5595-1511-7,朗朗阅读书系
978-7-5213-0376-6,小马宝莉英语启蒙韵文故事纸板书
978-7-5493-6349-0,Read Aloud
978-7-5649-3316-6,“深扎”文丛
978-7-5126-6830-0,谦德国学文库
978-7-5702-0698-8,小方熊猫・我的第一套自然拼读启蒙书
978-7-5205-0347-1,百年中国记忆・文化大家
978-7-5315-7637-2,中国当代儿童文学名家精品自选集
978-7-115-47360-8,童趣文学新课标名著阅读
978-7-5200-0229-5,常江文集
978-7-5657-2272-1,“我们爱朗读”系列丛书
978-7-5213-0385-8,丽声北极星分级绘本
978-7-5671-3063-0,上海理工大学人文社会科学系列
978-7-5137-1283-5,棉花糖和云朵妈妈图画故事书
978-7-5597-0784-0,淘气包马小跳系列 : 典藏升级版
978-7-5126-6629-0,诗林撷芳
978-7-115-49597-6,理财商学院
978-7-5580-5118-0,百年新诗百部典藏
978-7-5334-8124-7,语文新课标必读丛书
978-7-5589-0444-8,十二生肖上学记
978-7-5201-2542-0,杨小凯学术文库
978-7-5414-9882-4,猪猪侠之竞球小英雄・儿童品格培养识字故事书
978-7-5126-6402-9,浦东作家
978-7-307-20027-2,美德培养故事
978-7-5202-0304-3,故宫里的大怪兽 : 彩绘注音版
978-7-5340-6648-1,语文新课标课外阅读必读丛书
978-7-5201-3573-3,上海研究院纪念改革开放40周年丛书
978-7-5560-8173-8,百年百部中国儿童文学经典书系 : 精选注音书
978-7-5126-6343-5,湘江文苑
978-7-5397-9816-5,小树苗儿童成长经典阅读宝库
978-7-5137-1278-1,葛冰暖心童话屋
978-7-5585-2202-4,意林・小文学
978-7-225-05614-2,中国西部女作家散文自选丛书
978-7-5126-6357-2,文博雅韵
978-7-5500-2951-4,大家讲谈
978-7-5441-9829-5,新世纪敬老扶少文学出版工程书系
978-7-5051-4622-8,写给儿童的中国历史
978-7-5613-9074-0,“新课标・全悦读”丛书
978-7-5213-0248-6,步客口袋书
978-7-5653-3322-4,公安院校青年学者学术文库
978-7-5093-9255-3,博学通识系列
978-7-221-13025-9,阅读123
978-7-5570-1223-6,课外必读的名人故事
978-7-5085-3930-0,西人中国纪事
978-7-5484-4243-1,诡故事
978-7-5334-8150-6,语文新课标必读丛书
978-7-5126-6773-0,星空集
978-7-5593-2434-4,影响孩子一生的经典读物
978-7-5596-2073-6,滕王阁秘闻
978-7-5213-0192-2,聪明豆绘本系列
978-7-5350-7505-5,新文学经典
978-7-5597-1085-7,少年冒险王
978-7-5126-6631-3,韶韵
978-7-5410-7945-0,风雅颂文丛
978-7-5692-2087-2,状元龙教辅全本名著系列
978-7-5501-4959-5,湛江红土诗社成立三十周年丛书
978-7-81142-671-7,世界经典寓言绘本丛书
978-7-5414-9614-1,太阳鸟・儿童生态文学双语读本
978-7-5440-9753-6,薄冰英语语法系列
978-7-206-15270-2,满族口头遗产传统说部丛书
978-7-5396-5737-0,张恨水作品典藏
978-7-5585-2670-1,意林・小小姐
978-7-5613-9318-5,“新课标・全悦读”丛书
978-7-5455-4054-3,儿童文学传世大系
978-7-5205-0351-8,百年中国记忆・文化大家
978-7-5137-1321-4,棉花糖和云朵妈妈图画故事书
978-7-5188-0588-4,心灵四书
978-7-5137-1278-1,棉花糖和云朵妈妈图画故事书
978-7-302-49382-2,繁星丛书
978-7-5688-4508-3,民族之魂
978-7-202-13575-4,面包熊物理绘本
978-7-5126-6385-5,金点诗文
978-7-5582-1953-5,荆楚文化丛书
978-7-5213-0479-4,RoyalABC语言学习故事书
978-7-5153-5273-2,第34届青春诗会诗丛
978-7-5395-6574-3,彩虹桥名家散文诗系列
978-7-224-12768-3,米脂文艺丛书
978-7-5056-3509-8,绘本《西游记》故事
978-7-210-10862-7,中国改革开放全景录丛书
978-7-122-33153-3,酒店餐饮互动英语口语课堂
978-7-300-26223-9,马克思主义研究论库
978-7-5321-6812-5,鹅卵石诗丛
978-7-5126-6615-3,新天地文萃
978-7-5455-3723-9,爱阅读
978-7-5589-0359-5,绘心寓意・中国古代寓言典藏图画书
978-7-5379-7909-2,冒险奇兵
978-7-5131-4159-8,文心经典阅读书系
978-7-5699-2399-5,李姗姗科学童话
978-7-5056-3595-1,绘本中国经典故事
978-7-5541-3241-8,小汉字大故事
978-7-5110-3222-5,中国传统修身故事绘本
978-7-5201-2345-7,街道蓝皮书
978-7-5682-5973-6,统编语文新教材指定阅读书系
978-7-5474-2671-5,琅治目?
978-7-5110-3015-3,中国传统修身故事绘本
978-7-5205-0029-6,民国通俗小说典藏文库
978-7-5101-5913-8,好玩儿的数学绘本
978-7-5301-5212-6,中国当代少年科幻名人佳作丛书
978-7-5313-5350-8,āōē名著
978-7-5126-5967-4,素语初心
978-7-5392-9817-7,大家学术文库
978-7-5597-0777-2,淘气包马小跳系列 : 典藏升级版
978-7-5210-0204-1,海洋宝贝系列故事
978-7-5148-4874-8,名家新作
978-7-5126-6794-5,文心
978-7-115-47805-4,迪士尼英语分级读物
978-7-5695-0047-9,中小学生阅读文库
978-7-5205-0059-3,民国通俗小说典藏文库
978-7-5548-2554-9,幼儿国学启蒙经典
978-7-214-21855-1,盐城文化丛书
978-7-5464-2052-3,大熊猫Tubby系列
978-7-5694-1072-3,航航的成长季
978-7-5443-8036-2,刑警罗飞系列
978-7-5213-0214-1,托马斯和朋友我的第一套自然拼读绘本
978-7-5095-8214-5,健康保险系列丛书
978-7-5699-2208-0,满天星系列
978-7-5213-0474-9,RoyalABC语言学习故事书
978-7-5361-6314-0,文化自信与中国现当代文学丛书
978-7-5046-8030-3,老科学家学术成长资料采集工程丛书
978-7-5704-0464-3,写给儿童的中华传统文化故事
978-7-5538-0868-0,古典名著普及文库
978-7-5013-6484-8,国学基本典籍丛刊
978-7-5126-6219-3,笔润春秋
978-7-112-21892-9,休闲农业与乡村旅游发展丛书
978-7-101-13262-5,国民阅读经典
978-7-5559-0549-3,从维熙文集
978-7-5688-4515-1,民族之魂
978-7-112-22326-8,执业资格考试丛书
978-7-81142-663-2,世界经典寓言绘本丛书
978-7-108-06136-2,茨威格人物传记
978-7-5126-6023-6,岁月的足音
978-7-5015-9664-5,刘学林动物小说经典书系
978-7-5594-1847-0,祥宁居选集
978-7-5594-3045-8,古槐树下 : 铜山作家精品文库
978-7-5051-4625-9,未来在等你
978-7-5591-0667-4,我上小学了
978-7-115-49061-2,冰雪奇缘
978-7-5455-4092-5,培养孩子积极向上的精神系列绘本
978-7-5657-2298-1,中国近代新闻学名著系列丛书
978-7-5063-9836-7,悬疑世界文库
978-7-309-13995-2,马克思主义与当代中国问题
978-7-300-26070-9,“戏开始了”京剧经典美绘系列
978-7-5347-9817-7,副刊文丛
978-7-5581-5600-7,校园小超人
978-7-5131-4621-0,养成教育・新课标名著阅读
978-7-5448-5478-8,萌鸡小队双语故事书
978-7-5209-0030-0,主要国家（地区）市场监管机构和制度研究丛书
978-7-5126-6124-0,清风絮语
978-7-5162-1787-0,中国古代大案探奇录
978-7-5387-5660-9,“我的青春我的梦”全国中学生校园美文精品集萃丛书
978-7-5301-4918-8,蒲公英中国儿童文学名家精品丛书
978-7-5562-3681-7,“文房四宝”说国学
978-7-02-013973-6,茅盾文学奖获奖作品全集
978-7-5051-4434-7,“十三五”全国工会干部教育培训丛书
978-7-5596-1332-5,百年经典・英语绘本课程包
978-7-5439-7761-7,传统文化修养丛书
978-7-5546-1288-0,《家在常熟》文学丛书
978-7-213-08909-1,且读
978-7-5399-8613-5,乒乒乓乓
978-7-5525-4182-3,海马典藏书系
978-7-5126-6643-6,青涩集
978-7-01-020203-7,马列主义经典作家文库
978-7-5652-2593-2,国学掌上诵读本
978-7-5171-2851-9,国粹文丛
978-7-5701-0250-1,米花糖注音童话
978-7-5484-3767-3,走近古典品人生
978-7-5583-1016-4,中国童年
978-7-5097-6113-7,世界经济黄皮书
978-7-201-13756-8,当代儿童作家童话精选
978-7-5521-1586-4,蒙古《格斯尔》丛书
978-7-300-26373-1,马克思主义研究丛书
978-7-03-059292-7,社会物理学系列
978-7-5493-7342-0,中国儿童文学名家经典
978-7-5126-6752-5,大竹县部门志
978-7-5575-4008-1,七色花童书坊
978-7-03-058389-5,旅游地理论与实践探索丛书
978-7-5104-6701-1,幼学启蒙丛书
978-7-5126-6349-7,日暖文灿
978-7-202-13049-0,尿布猪小弟行为认知训练
978-7-5518-1777-6,国学经典10元本
978-7-5120-3283-5,中华萧氏总谱
978-7-5508-2453-9,中华经典国学读本丛书
978-7-5562-4048-7,周锐幽默王国系列
978-7-5414-9191-7,点亮心灯・世界语文教科书精选读本
978-7-5126-6538-5,博雅书香
978-7-5507-2336-8,宠物物语丛书
978-7-5702-0272-0,世界文学名著名译典藏
978-7-5445-5389-6,冰心奖获奖作家佳作丛书
978-7-5447-7566-3,壹力文库系列
978-7-5484-3812-0,《读者》签约作家美文合集
978-7-5347-9688-3,20世纪中国古代文化经典域外传播研究书系
978-7-5474-2702-6,琅治目?
978-7-5315-7699-0,中华经典蒙学大系 : 权威注译版・彩图注音
978-7-5201-3299-2,街道蓝皮书
978-7-5139-1822-0,经典随身读
978-7-208-15154-3,勉仁斋丛书
978-7-215-11794-5,牧野作家方阵
978-7-5126-6059-5,张家口文学艺术家文萃
978-7-5695-0077-6,中小学生阅读文库
978-7-5201-3971-7,品牌蓝皮书
978-7-5126-6774-7,雪北香南
978-7-5200-0231-8,语言启蒙绘本
978-7-5148-5101-4,少年特种兵 : 典藏版
978-7-5448-5475-7,萌鸡小队双语故事书
978-7-5126-6253-7,情系华夏
978-7-5597-0815-1,爱的教育 : 亲爱的笨笨猪系列图画书
978-7-5126-6465-4,婺苑戏魂
978-7-5317-4125-1,张恨水经典作品集
978-7-5148-4904-2,九神鹿绘本馆
978-7-5034-9977-7,民国通俗小说典藏文库
978-7-5148-4795-6,快乐小公主
978-7-5537-8953-8,青少年人文轻阅读
978-7-04-049862-2,新发展理念研究
978-7-203-10277-9,近代散佚戏曲文献集成
978-7-5607-6264-7,法治中国创新研究
978-7-5498-3894-3,意林・轻文库
978-7-301-25719-7,关键人物
978-7-5321-6477-6,上海老作家文丛
978-7-218-12806-1,岭南文化知识书系
978-7-122-32410-8,人物形象设计专业教学丛书
978-7-5080-9402-1,蔡东藩中国历代通俗演义
978-7-5409-7552-4,中国农村文库
978-7-03-059872-1,互联网、大数据与人工智能伦理丛书
978-7-202-13574-7,不一样的猪小弟
978-7-5567-0496-5,闽水泱泱 : 福建师范大学文学院文学创作丛书
978-7-5378-5583-9,蒲县文化丛书
978-7-5304-9356-4,竹兜育儿亲子绘本
978-7-5312-4514-8,中国三大史诗・江格尔
978-7-5317-4205-0,灵韵龙乡旅游文化系列丛书
978-7-313-20487-5,昂立外语托福课程系列
978-7-5409-8050-4,蓝・诗文丛
978-7-5704-0635-7,中华优秀传统文化
978-7-5126-6773-0,星空集
978-7-208-15138-3,逻各斯丛书
978-7-5095-8696-9,北京国家会计学院中国管理会计实践与创新丛书
978-7-02-013775-6,教育部统编《语文》推荐阅读丛书
978-7-5141-8879-0,转型时代的中国财经战略论丛
978-7-115-47301-1,图灵程序设计丛书
978-7-5301-5441-0,小学生必读经典文库 : 拼音美绘本
978-7-5313-5420-8,百年百部中篇正典
978-7-5016-1364-9,黄蓓佳非常成长系列
978-7-5477-3088-1,我爱幼儿园 : 儿童行为习惯培养系列绘本
978-7-5562-4049-4,周锐幽默王国系列
978-7-5137-1275-0,熊猫和小鼹鼠“中华美德小榜样”
978-7-5126-6349-7,日暖文灿
978-7-100-16233-3,学生国学丛书新编
978-7-5108-6518-3,高级电商网络推广师
978-7-5126-6056-4,心之韵
978-7-5493-7925-5,中国民间传统原创绘本
978-7-5593-3289-9,我爱我家
978-7-5514-1895-9,名家美文系列
978-7-02-014576-8,二十世纪欧美文论丛书
978-7-5321-6671-8,宁肯文集
978-7-5336-8749-6,金色童年悦读书系
978-7-5148-4892-2,经典国学故事
978-7-305-19427-6,九色鹿・儿童文学名家获奖作品系列精选
978-7-5132-5104-4,中医养生重点专科名医科普丛书
978-7-5126-6853-9,沧浪文集
978-7-02-013988-0,茅盾文学奖获奖作品全集
978-7-5538-0933-5,中国古典小说普及文库
978-7-5580-4598-1,超级飞侠4
978-7-122-32027-8,帮帮龙出动恐龙探险队
978-7-5597-0846-5,同桌冤家走天下
978-7-5396-6402-6,当代名家精品珍藏
978-7-5120-3273-6,湖南省文艺人才扶持“三百工程”系列丛书
978-7-5586-0935-0,中国民间经典故事绘本系列
978-7-5445-5058-1,无障碍阅读版
978-7-5046-7873-7,乡村振兴战略科技惠农丛书
978-7-5086-8707-0,中国道路丛书
978-7-5126-6097-7,蒲公英
978-7-5682-5817-3,漫画中国
978-7-5104-6354-9,何建明文集
978-7-5131-4158-1,文心经典阅读书系
978-7-5126-6125-7,黄土地
978-7-100-16924-0,文字与文明译丛
978-7-5443-8355-4,邢增仪文集
978-7-5126-6213-1,云门文丛
978-7-5472-5067-9,德惠市档案馆古旧档案整理丛书
978-7-300-25901-7,新视界商务英语系列教材
978-7-5560-7510-2,写给孩子的经典名著 : 有声版
978-7-5671-3441-6,中国傩戏剧本集成
978-7-5584-0783-3,刘健屏儿童文学精品书系
978-7-5012-5701-0,柯林斯雅思分级词汇系列丛书
978-7-5666-1124-6,翌平绘本
978-7-5137-1483-9,熊猫和小鼹鼠学会交朋友图画故事书
978-7-5365-8783-0,小马宝莉大电影拼读故事书
978-7-305-18925-8,保冬妮绘本珍兽馆
978-7-5126-6711-2,华星秋月
978-7-5126-6822-5,香茶时光
978-7-5387-5718-7,“我的青春我的梦”全国中学生校园美文精品集萃丛书
978-7-111-59210-5,华章经典・金融投资
978-7-5599-0900-8,亲近经典
978-7-5554-0926-7,文华丛书
978-7-5594-2780-9,部编教材指定阅读
978-7-5462-2727-6,课本名家美文精选
978-7-5126-6438-8,燕飞集
978-7-02-014242-2,刘庆邦长篇小说
978-7-5332-9620-9,明天原创图画书
978-7-5680-3931-4,大师思想集萃
978-7-214-22419-4,国学经典权威版本全注新译精讲丛书
978-7-5110-3224-9,中国传统修身故事绘本
978-7-5346-5818-1,超级侦探
978-7-111-61497-5,天勤计算机考研高分笔记系列
978-7-5688-4522-9,民族之魂
978-7-5137-1409-9,超级飞侠3环球冒险科学故事
978-7-203-10294-6,近代散佚戏曲文献集成
978-7-5695-0260-2,中小学生阅读文库
978-7-5166-4327-3,龙母文化系列
978-7-119-11470-5,读懂中国
978-7-5637-3702-4,书香巅峰
978-7-5409-7688-0,圣立作家文丛
978-7-5595-1466-0,幼儿学前绘本故事
978-7-5126-6540-8,清凉的风
978-7-5597-0826-7,胡小闹日记 : 升级经典版
978-7-101-13599-2,吕思勉历史作品系列
978-7-5194-4520-1,岭南作家文丛
978-7-5439-7701-3,民国海派文化经典
978-7-5596-2102-3,陶小淘日记
978-7-5597-0910-3,小机灵鬼系列
978-7-5691-0154-6,贵州诗人丛书
978-7-5470-4822-1,万卷楼国学经典 : 升级版
978-7-5002-8623-3,霹雳贝贝之父金品集
978-7-5704-0643-2,中华优秀传统文化
978-7-5180-5175-5,国际时尚设计丛书
978-7-5126-6129-5,新时代探索集
978-7-5365-9285-8,梦比优斯奥特曼经典传奇故事
978-7-111-60552-2,阅读启蒙 : 乔伊・考利英语绘本精选
978-7-5099-1044-3,党内法规学习丛书
978-7-5049-9782-1,农信社（农商银行）业务操作指引丛书
978-7-5486-1400-5,先秦诸子丛书
978-7-208-15598-5,中国断代史系列
978-7-121-34550-0,新零售时代电商实战
978-7-5313-5498-7,中国诗人
978-7-5597-0421-4,管家琪纯真年代系列
978-7-5321-6627-5,潮声书系
978-7-221-12836-2,阅读123
978-7-5455-3548-8,中国少儿必读金典
978-7-5110-3252-2,中国传统修身故事绘本
978-7-5350-7502-4,新文学经典
978-7-5491-1847-2,笨笨狼童书坊
978-7-110-09668-0,童话游鼓浪屿
978-7-111-59926-5,幼儿情商启蒙绘本
978-7-5126-6258-2,诗文九家
978-7-202-13327-9,西柏坡时期中国共产党历史文献整理与研究丛书
978-7-5623-5760-5,陈春花文集
978-7-5507-2550-8,本色文丛
978-7-5201-2488-1,中国社会科学院重点学科
978-7-5671-0446-4,子竹诗集
978-7-5390-6284-6,扶志扶智迈向新时代
978-7-5594-1416-8,2017作家文集
978-7-5699-2477-0,中华经典轻松读
978-7-300-26054-9,工商管理经典译丛
978-7-5484-4320-9,民国三大奇书 : 图文版
978-7-111-61026-7,沪江名指导
978-7-5201-2524-6,改革开放研究丛书
978-7-5575-4084-5,无障碍阅读红色经典系列丛书
978-7-5126-5967-4,素语初心
978-7-5367-7798-9,宁蒗彝族文化丛书
978-7-5218-0123-1,纪念改革开放40年丛书
978-7-80258-251-4,自强不息中国梦丛书
978-7-301-29226-6,汉语风中文分级系列读物
978-7-5671-3161-3,中华经典国学智慧丛书
978-7-5201-2213-9,中国劳动关系学院青年学者文库
978-7-5126-6223-0,灯下拾花
978-7-209-11434-9,鲁冰花园
978-7-5518-1759-2,国学经典10元本
978-7-5492-5926-7,小脚鸭人格培养小绘本
978-7-5339-5384-3,名著阅读力养成丛书
978-7-5080-9358-1,西方传统 : 经典与解释
978-7-221-13024-2,阅读123
978-7-5707-0251-0,加油吧，少年系列

